edad,hombres_con_vida_denuncia,hombres_sin_vida_denuncia,hombres_con_vida_reporte,hombres_sin_vida_reporte
00-04,89,3,33,1
05-09,85,1,41,0
10-14,424,7,87,0
15-19,954,126,153,30
20-24,1036,304,149,28
25-29,918,322,146,31
30-34,785,278,119,22
35-39,650,247,91,26
40-44,526,178,82,22
45-49,376,142,64,20
50-54,250,79,48,9
55-59,172,52,39,11
60-64,138,38,29,3
65-69,93,22,23,5
70-74,74,19,25,1
75-79,52,19,22,1
80-84,50,10,26,1
85-89,24,3,17,1
90-94,7,4,5,0
95-99,1,0,1,0
NO DISPONIBLE,11,2,6,4
